{
  "instructions": "pipeline.set",
  "reg_names": [
    "zero",
    "at",
    "v0",
    "v1",
    "a0",
    "a1",
    "a2",
    "a3",
    "t0",
    "t1",
    "t2",
    "t3",
    "t4",
    "t5",
    "t6",
    "t7",
    "s0",
    "s1",
    "s2",
    "s3",
    "s4",
    "s5",
    "s6",
    "s7",
    "t8",
    "t9",
    "k0",
    "k1",
    "gp",
    "sp",
    "fp",
    "ra"
  ],
  "wires": [
    {
      "in": "In",
      "to": "ForkPC",
      "out": "PC",
      "from": "PC"
    },
    {
      "in": "Address",
      "to": "InstMem",
      "out": "Out1",
      "from": "ForkPC"
    },
    {
      "points": [
        {
          "y": 169,
          "x": 80
        }
      ],
      "in": "In1",
      "to": "PCAdder",
      "out": "Out2",
      "from": "ForkPC"
    },
    {
      "in": "In2",
      "to": "PCAdder",
      "out": "Out",
      "from": "Const4"
    },
    {
      "in": "In",
      "to": "ForkPCAdder",
      "out": "PC+4",
      "from": "PCAdder"
    },
    {
      "points": [
        {
          "y": 150,
          "x": 155
        },
        {
          "y": 150,
          "x": 10
        },
        {
          "y": 259,
          "x": 10
        }
      ],
      "in": "0",
      "to": "MuxPC",
      "out": "Out1",
      "from": "ForkPCAdder"
    },
    {
      "in": "NewPC",
      "to": "PC",
      "out": "Out",
      "from": "MuxPC"
    },
    {
      "end": {
        "y": 175,
        "x": 180
      },
      "in": "NewPC",
      "to": "IF/ID",
      "out": "Out2",
      "from": "ForkPCAdder"
    },
    {
      "end": {
        "y": 265,
        "x": 180
      },
      "in": "Instruction",
      "to": "IF/ID",
      "out": "Instruction",
      "from": "InstMem"
    },
    {
      "end": {
        "y": 175,
        "x": 390
      },
      "start": {
        "y": 175,
        "x": 195
      },
      "in": "NewPC",
      "to": "ID/EX",
      "out": "NewPC",
      "from": "IF/ID"
    },
    {
      "start": {
        "y": 265,
        "x": 195
      },
      "in": "Instruction",
      "to": "DistInst",
      "out": "Instruction",
      "from": "IF/ID"
    },
    {
      "points": [
        {
          "y": 255,
          "x": 210
        },
        {
          "y": 120,
          "x": 210
        }
      ],
      "start": {
        "y": 255,
        "x": 205
      },
      "in": "Opcode",
      "to": "Control",
      "out": "31-26",
      "from": "DistInst"
    },
    {
      "points": [
        {
          "y": 260,
          "x": 215
        }
      ],
      "start": {
        "y": 260,
        "x": 205
      },
      "in": "In",
      "to": "ForkRs2",
      "out": "25-21",
      "from": "DistInst"
    },
    {
      "points": [
        {
          "y": 235,
          "x": 215
        }
      ],
      "in": "In",
      "to": "ForkRs",
      "out": "Out1",
      "from": "ForkRs2"
    },
    {
      "points": [
        {
          "y": 26,
          "x": 215
        }
      ],
      "in": "IF/ID.Rs",
      "to": "HazardUnit",
      "out": "Out2",
      "from": "ForkRs2"
    },
    {
      "in": "ReadReg1",
      "to": "RegBank",
      "out": "Out1",
      "from": "ForkRs"
    },
    {
      "end": {
        "y": 372,
        "x": 390
      },
      "points": [
        {
          "y": 372,
          "x": 230
        }
      ],
      "in": "Rs",
      "to": "ID/EX",
      "out": "Out2",
      "from": "ForkRs"
    },
    {
      "start": {
        "y": 265,
        "x": 205
      },
      "in": "In",
      "to": "ForkRt",
      "out": "20-16",
      "from": "DistInst"
    },
    {
      "in": "In",
      "to": "ForkRt3",
      "out": "Out1",
      "from": "ForkRt"
    },
    {
      "in": "ReadReg2",
      "to": "RegBank",
      "out": "Out1",
      "from": "ForkRt3"
    },
    {
      "points": [
        {
          "y": 42,
          "x": 220
        }
      ],
      "in": "IF/ID.Rt",
      "to": "HazardUnit",
      "out": "Out2",
      "from": "ForkRt3"
    },
    {
      "end": {
        "y": 381,
        "x": 390
      },
      "points": [
        {
          "y": 381,
          "x": 220
        }
      ],
      "in": "Rt",
      "to": "ID/EX",
      "out": "Out2",
      "from": "ForkRt"
    },
    {
      "points": [
        {
          "y": 270,
          "x": 225
        },
        {
          "y": 350,
          "x": 225
        }
      ],
      "start": {
        "y": 270,
        "x": 205
      },
      "in": "In",
      "to": "ExtendImm",
      "out": "15-0",
      "from": "DistInst"
    },
    {
      "end": {
        "y": 392,
        "x": 390
      },
      "points": [
        {
          "y": 275,
          "x": 215
        },
        {
          "y": 392,
          "x": 215
        }
      ],
      "start": {
        "y": 275,
        "x": 205
      },
      "in": "Rd",
      "to": "ID/EX",
      "out": "15-11",
      "from": "DistInst"
    },
    {
      "end": {
        "y": 248,
        "x": 390
      },
      "in": "ReadData1",
      "to": "ID/EX",
      "out": "ReadData1",
      "from": "RegBank"
    },
    {
      "end": {
        "y": 281,
        "x": 390
      },
      "in": "ReadData2",
      "to": "ID/EX",
      "out": "ReadData2",
      "from": "RegBank"
    },
    {
      "end": {
        "y": 350,
        "x": 390
      },
      "in": "Imm",
      "to": "ID/EX",
      "out": "Out",
      "from": "ExtendImm"
    },
    {
      "end": {
        "y": 160,
        "x": 390
      },
      "start": {
        "y": 160,
        "x": 290
      },
      "in": "ALUOp",
      "to": "ID/EX",
      "out": "ALUOp",
      "from": "Control"
    },
    {
      "end": {
        "y": 155,
        "x": 390
      },
      "start": {
        "y": 155,
        "x": 290
      },
      "in": "ALUSrc",
      "to": "ID/EX",
      "out": "ALUSrc",
      "from": "Control"
    },
    {
      "end": {
        "y": 150,
        "x": 390
      },
      "start": {
        "y": 150,
        "x": 290
      },
      "in": "RegDst",
      "to": "ID/EX",
      "out": "RegDst",
      "from": "Control"
    },
    {
      "end": {
        "y": 145,
        "x": 390
      },
      "start": {
        "y": 145,
        "x": 290
      },
      "in": "Branch",
      "to": "ID/EX",
      "out": "Branch",
      "from": "Control"
    },
    {
      "end": {
        "y": 140,
        "x": 390
      },
      "start": {
        "y": 140,
        "x": 290
      },
      "in": "MemRead",
      "to": "ID/EX",
      "out": "MemRead",
      "from": "Control"
    },
    {
      "end": {
        "y": 135,
        "x": 390
      },
      "start": {
        "y": 135,
        "x": 290
      },
      "in": "MemWrite",
      "to": "ID/EX",
      "out": "MemWrite",
      "from": "Control"
    },
    {
      "end": {
        "y": 130,
        "x": 390
      },
      "start": {
        "y": 130,
        "x": 290
      },
      "in": "MemToReg",
      "to": "ID/EX",
      "out": "MemToReg",
      "from": "Control"
    },
    {
      "end": {
        "y": 125,
        "x": 390
      },
      "start": {
        "y": 125,
        "x": 290
      },
      "in": "RegWrite",
      "to": "ID/EX",
      "out": "RegWrite",
      "from": "Control"
    },
    {
      "in": "In",
      "to": "ForkStall",
      "out": "Stall",
      "from": "HazardUnit"
    },
    {
      "end": {
        "y": 70,
        "x": 382
      },
      "points": [
        {
          "y": 5,
          "x": 382
        }
      ],
      "in": "Stall",
      "to": "OrFlush",
      "out": "Out1",
      "from": "ForkStall"
    },
    {
      "start": {
        "y": 100,
        "x": 395
      },
      "in": "Flush",
      "to": "ID/EX",
      "out": "Flush",
      "from": "OrFlush"
    },
    {
      "end": {
        "y": 5,
        "x": 205
      },
      "in": "Stall",
      "to": "NotStall",
      "out": "Out2",
      "from": "ForkStall"
    },
    {
      "start": {
        "y": 32,
        "x": 190
      },
      "in": "In",
      "to": "ForkWrite",
      "out": "Write",
      "from": "NotStall"
    },
    {
      "in": "Write",
      "to": "IF/ID",
      "out": "Out1",
      "from": "ForkWrite"
    },
    {
      "points": [
        {
          "y": 50,
          "x": 55
        }
      ],
      "in": "Write",
      "to": "PC",
      "out": "Out2",
      "from": "ForkWrite"
    },
    {
      "end": {
        "y": 248,
        "x": 425
      },
      "start": {
        "y": 248,
        "x": 405
      },
      "in": "0",
      "to": "MuxFwdA",
      "out": "ReadData1",
      "from": "ID/EX"
    },
    {
      "end": {
        "y": 250,
        "x": 480
      },
      "start": {
        "y": 250,
        "x": 440
      },
      "in": "In1",
      "to": "ALU",
      "out": "Out",
      "from": "MuxFwdA"
    },
    {
      "end": {
        "y": 281,
        "x": 425
      },
      "start": {
        "y": 281,
        "x": 405
      },
      "in": "0",
      "to": "MuxFwdB",
      "out": "ReadData2",
      "from": "ID/EX"
    },
    {
      "start": {
        "y": 281,
        "x": 440
      },
      "in": "In",
      "to": "ForkReg",
      "out": "Out",
      "from": "MuxFwdB"
    },
    {
      "in": "2",
      "to": "MuxFwdB",
      "out": "Out2",
      "from": "ForkEXR2"
    },
    {
      "in": "1",
      "to": "MuxFwdB",
      "out": "Out2",
      "from": "ForkMEMR2"
    },
    {
      "in": "0",
      "to": "MuxReg",
      "out": "Out1",
      "from": "ForkReg"
    },
    {
      "end": {
        "y": 308,
        "x": 550
      },
      "points": [
        {
          "y": 308,
          "x": 445
        }
      ],
      "in": "ReadData2",
      "to": "EX/MEM",
      "out": "Out2",
      "from": "ForkReg"
    },
    {
      "end": {
        "y": 287,
        "x": 480
      },
      "in": "In2",
      "to": "ALU",
      "out": "Out",
      "from": "MuxReg"
    },
    {
      "points": [
        {
          "y": 155,
          "x": 462
        }
      ],
      "start": {
        "y": 155,
        "x": 405
      },
      "in": "ALUSrc",
      "to": "MuxReg",
      "out": "ALUSrc",
      "from": "ID/EX"
    },
    {
      "end": {
        "y": 350,
        "x": 448
      },
      "start": {
        "y": 350,
        "x": 405
      },
      "in": "In",
      "to": "DistImm",
      "out": "Imm",
      "from": "ID/EX"
    },
    {
      "points": [
        {
          "y": 350,
          "x": 510
        }
      ],
      "in": "Operation",
      "to": "ALU",
      "out": "Operation",
      "from": "ALUControl"
    },
    {
      "start": {
        "y": 350,
        "x": 448
      },
      "in": "func",
      "to": "ALUControl",
      "out": "5-0",
      "from": "DistImm"
    },
    {
      "points": [
        {
          "y": 160,
          "x": 446
        },
        {
          "y": 235,
          "x": 446
        },
        {
          "y": 235,
          "x": 476
        }
      ],
      "start": {
        "y": 160,
        "x": 405
      },
      "in": "aluop",
      "to": "DistJumpAluOp",
      "out": "ALUOp",
      "from": "ID/EX"
    },
    {
      "in": "Zero",
      "to": "EX/MEM",
      "out": "Out",
      "from": "MuxJumpZero"
    },
    {
      "end": {
        "y": 255,
        "x": 550
      },
      "start": {
        "y": 255,
        "x": 540
      },
      "in": "0",
      "to": "MuxJumpZero",
      "out": "Zero",
      "from": "ALU"
    },
    {
      "in": "Target",
      "to": "EX/MEM",
      "out": "out",
      "from": "MuxJumpTarget"
    },
    {
      "in": "Result",
      "to": "EX/MEM",
      "out": "out1",
      "from": "ForkAluResult"
    },
    {
      "in": "1",
      "to": "MuxJumpTarget",
      "out": "out2",
      "from": "ForkAluResult"
    },
    {
      "end": {
        "y": 275,
        "x": 550
      },
      "start": {
        "y": 275,
        "x": 540
      },
      "in": "in",
      "to": "ForkAluResult",
      "out": "Result",
      "from": "ALU"
    },
    {
      "start": {
        "y": 381,
        "x": 405
      },
      "in": "In",
      "to": "ForkRt2",
      "out": "Rt",
      "from": "ID/EX"
    },
    {
      "in": "0",
      "to": "MuxDst",
      "out": "Out1",
      "from": "ForkRt2"
    },
    {
      "points": [
        {
          "y": 442,
          "x": 408
        }
      ],
      "in": "ID/EX.Rt",
      "to": "ForwardingUnit",
      "out": "Out2",
      "from": "ForkRt2"
    },
    {
      "points": [
        {
          "y": 42,
          "x": 408
        }
      ],
      "in": "ID/EX.Rt",
      "to": "HazardUnit",
      "out": "Out3",
      "from": "ForkRt2"
    },
    {
      "start": {
        "y": 392,
        "x": 405
      },
      "in": "1",
      "to": "MuxDst",
      "out": "Rd",
      "from": "ID/EX"
    },
    {
      "points": [
        {
          "y": 150,
          "x": 547
        },
        {
          "y": 365,
          "x": 547
        },
        {
          "y": 365,
          "x": 533
        }
      ],
      "start": {
        "y": 150,
        "x": 405
      },
      "in": "RegDst",
      "to": "MuxDst",
      "out": "RegDst",
      "from": "ID/EX"
    },
    {
      "end": {
        "y": 387,
        "x": 550
      },
      "in": "RegBankDst",
      "to": "EX/MEM",
      "out": "Out",
      "from": "MuxDst"
    },
    {
      "start": {
        "y": 175,
        "x": 405
      },
      "in": "In1",
      "to": "AddBranch",
      "out": "NewPC",
      "from": "ID/EX"
    },
    {
      "start": {
        "y": 330,
        "x": 450
      },
      "in": "In",
      "to": "ForkImm",
      "out": "31-0",
      "from": "DistImm"
    },
    {
      "in": "1",
      "to": "MuxReg",
      "out": "Out1",
      "from": "ForkImm"
    },
    {
      "points": [
        {
          "y": 210,
          "x": 450
        }
      ],
      "in": "In",
      "to": "ShiftImm",
      "out": "Out2",
      "from": "ForkImm"
    },
    {
      "points": [
        {
          "y": 210,
          "x": 507
        },
        {
          "y": 186,
          "x": 507
        }
      ],
      "in": "In2",
      "to": "AddBranch",
      "out": "Out",
      "from": "ShiftImm"
    },
    {
      "end": {
        "y": 181,
        "x": 550
      },
      "in": "0",
      "to": "MuxJumpTarget",
      "out": "Out",
      "from": "AddBranch"
    },
    {
      "end": {
        "y": 145,
        "x": 550
      },
      "start": {
        "y": 145,
        "x": 405
      },
      "in": "in",
      "to": "ForkBranch",
      "out": "Branch",
      "from": "ID/EX"
    },
    {
      "start": {
        "y": 140,
        "x": 405
      },
      "in": "In",
      "to": "ForkMemRd",
      "out": "MemRead",
      "from": "ID/EX"
    },
    {
      "end": {
        "y": 140,
        "x": 550
      },
      "in": "MemRead",
      "to": "EX/MEM",
      "out": "Out1",
      "from": "ForkMemRd"
    },
    {
      "points": [
        {
          "y": 26,
          "x": 420
        }
      ],
      "in": "ID/EX.MemRead",
      "to": "HazardUnit",
      "out": "Out2",
      "from": "ForkMemRd"
    },
    {
      "end": {
        "y": 135,
        "x": 550
      },
      "start": {
        "y": 135,
        "x": 405
      },
      "in": "MemWrite",
      "to": "EX/MEM",
      "out": "MemWrite",
      "from": "ID/EX"
    },
    {
      "end": {
        "y": 130,
        "x": 550
      },
      "start": {
        "y": 130,
        "x": 405
      },
      "in": "MemToReg",
      "to": "EX/MEM",
      "out": "MemToReg",
      "from": "ID/EX"
    },
    {
      "end": {
        "y": 125,
        "x": 550
      },
      "start": {
        "y": 125,
        "x": 405
      },
      "in": "RegWrite",
      "to": "EX/MEM",
      "out": "RegWrite",
      "from": "ID/EX"
    },
    {
      "points": [
        {
          "y": 372,
          "x": 413
        },
        {
          "y": 426,
          "x": 413
        }
      ],
      "start": {
        "y": 372,
        "x": 405
      },
      "in": "ID/EX.Rs",
      "to": "ForwardingUnit",
      "out": "Rs",
      "from": "ID/EX"
    },
    {
      "end": {
        "y": 265,
        "x": 432
      },
      "points": [
        {
          "y": 400,
          "x": 493
        },
        {
          "y": 400,
          "x": 441
        },
        {
          "y": 270,
          "x": 441
        },
        {
          "y": 270,
          "x": 432
        }
      ],
      "in": "ForwardA",
      "to": "MuxFwdA",
      "out": "ForwardA",
      "from": "ForwardingUnit"
    },
    {
      "end": {
        "y": 310,
        "x": 432
      },
      "points": [
        {
          "y": 405,
          "x": 516
        },
        {
          "y": 405,
          "x": 432
        }
      ],
      "in": "ForwardB",
      "to": "MuxFwdB",
      "out": "ForwardB",
      "from": "ForwardingUnit"
    },
    {
      "start": {
        "y": 387,
        "x": 565
      },
      "in": "In",
      "to": "ForkDst1",
      "out": "RegBankDst",
      "from": "EX/MEM"
    },
    {
      "end": {
        "y": 387,
        "x": 680
      },
      "in": "RegBankDst",
      "to": "MEM/WB",
      "out": "Out1",
      "from": "ForkDst1"
    },
    {
      "points": [
        {
          "y": 420,
          "x": 570
        }
      ],
      "in": "EX/MEM.Rd",
      "to": "ForwardingUnit",
      "out": "Out2",
      "from": "ForkDst1"
    },
    {
      "start": {
        "y": 275,
        "x": 565
      },
      "in": "In",
      "to": "ForkMem",
      "out": "Result",
      "from": "EX/MEM"
    },
    {
      "in": "Address",
      "to": "DataMem",
      "out": "Out1",
      "from": "ForkMem"
    },
    {
      "in": "In",
      "to": "ForkEXR1",
      "out": "Out2",
      "from": "ForkMem"
    },
    {
      "end": {
        "y": 360,
        "x": 680
      },
      "in": "Result",
      "to": "MEM/WB",
      "out": "Out1",
      "from": "ForkEXR1"
    },
    {
      "points": [
        {
          "y": 462,
          "x": 575
        },
        {
          "y": 462,
          "x": 421
        }
      ],
      "in": "In",
      "to": "ForkEXR2",
      "out": "Out2",
      "from": "ForkEXR1"
    },
    {
      "end": {
        "y": 259,
        "x": 425
      },
      "points": [
        {
          "y": 259,
          "x": 421
        }
      ],
      "in": "2",
      "to": "MuxFwdA",
      "out": "Out1",
      "from": "ForkEXR2"
    },
    {
      "start": {
        "y": 308,
        "x": 565
      },
      "in": "WriteData",
      "to": "DataMem",
      "out": "ReadData2",
      "from": "EX/MEM"
    },
    {
      "end": {
        "y": 292,
        "x": 680
      },
      "in": "ReadData",
      "to": "MEM/WB",
      "out": "ReadData",
      "from": "DataMem"
    },
    {
      "points": [
        {
          "y": 181,
          "x": 575
        },
        {
          "y": 67,
          "x": 575
        },
        {
          "y": 67,
          "x": 5
        },
        {
          "y": 270,
          "x": 5
        }
      ],
      "start": {
        "y": 181,
        "x": 565
      },
      "in": "1",
      "to": "MuxPC",
      "out": "Target",
      "from": "EX/MEM"
    },
    {
      "points": [
        {
          "y": 255,
          "x": 572
        },
        {
          "y": 200,
          "x": 572
        }
      ],
      "start": {
        "y": 255,
        "x": 565
      },
      "in": "Zero",
      "to": "AndBranch",
      "out": "Zero",
      "from": "EX/MEM"
    },
    {
      "points": [
        {
          "y": 145,
          "x": 580
        },
        {
          "y": 190,
          "x": 580
        }
      ],
      "start": {
        "y": 145,
        "x": 565
      },
      "in": "Branch",
      "to": "AndBranch",
      "out": "Branch",
      "from": "EX/MEM"
    },
    {
      "points": [
        {
          "y": 195,
          "x": 640
        },
        {
          "y": 62,
          "x": 640
        }
      ],
      "in": "In",
      "to": "ForkBr1",
      "out": "Branch",
      "from": "AndBranch"
    },
    {
      "in": "In",
      "to": "ForkBr2",
      "out": "Out1",
      "from": "ForkBr1"
    },
    {
      "in": "Flush",
      "to": "EX/MEM",
      "out": "Out2",
      "from": "ForkBr1"
    },
    {
      "in": "In",
      "to": "ForkBr3",
      "out": "Out1",
      "from": "ForkBr2"
    },
    {
      "end": {
        "y": 70,
        "x": 397
      },
      "in": "Branch",
      "to": "OrFlush",
      "out": "Out2",
      "from": "ForkBr2"
    },
    {
      "points": [
        {
          "y": 62,
          "x": 22
        }
      ],
      "in": "PCSrc",
      "to": "MuxPC",
      "out": "Out1",
      "from": "ForkBr3"
    },
    {
      "in": "Flush",
      "to": "IF/ID",
      "out": "Out2",
      "from": "ForkBr3"
    },
    {
      "end": {
        "y": 242,
        "x": 590
      },
      "points": [
        {
          "y": 140,
          "x": 590
        }
      ],
      "start": {
        "y": 140,
        "x": 565
      },
      "in": "MemRead",
      "to": "DataMem",
      "out": "MemRead",
      "from": "EX/MEM"
    },
    {
      "end": {
        "y": 242,
        "x": 650
      },
      "points": [
        {
          "y": 135,
          "x": 650
        }
      ],
      "start": {
        "y": 135,
        "x": 565
      },
      "in": "MemWrite",
      "to": "DataMem",
      "out": "MemWrite",
      "from": "EX/MEM"
    },
    {
      "end": {
        "y": 130,
        "x": 680
      },
      "start": {
        "y": 130,
        "x": 565
      },
      "in": "MemToReg",
      "to": "MEM/WB",
      "out": "MemToReg",
      "from": "EX/MEM"
    },
    {
      "start": {
        "y": 125,
        "x": 565
      },
      "in": "In",
      "to": "ForkRegWR1",
      "out": "RegWrite",
      "from": "EX/MEM"
    },
    {
      "end": {
        "y": 125,
        "x": 680
      },
      "in": "RegWrite",
      "to": "MEM/WB",
      "out": "Out1",
      "from": "ForkRegWR1"
    },
    {
      "points": [
        {
          "y": 430,
          "x": 670
        }
      ],
      "in": "EX/MEM.RegWrite",
      "to": "ForwardingUnit",
      "out": "Out2",
      "from": "ForkRegWR1"
    },
    {
      "start": {
        "y": 292,
        "x": 695
      },
      "in": "1",
      "to": "MuxMem",
      "out": "ReadData",
      "from": "MEM/WB"
    },
    {
      "points": [
        {
          "y": 360,
          "x": 702
        },
        {
          "y": 281,
          "x": 702
        }
      ],
      "start": {
        "y": 360,
        "x": 695
      },
      "in": "0",
      "to": "MuxMem",
      "out": "Result",
      "from": "MEM/WB"
    },
    {
      "points": [
        {
          "y": 130,
          "x": 722
        }
      ],
      "start": {
        "y": 130,
        "x": 695
      },
      "in": "MemToReg",
      "to": "MuxMem",
      "out": "MemToReg",
      "from": "MEM/WB"
    },
    {
      "points": [
        {
          "y": 387,
          "x": 705
        }
      ],
      "start": {
        "y": 387,
        "x": 695
      },
      "in": "In",
      "to": "ForkDst2",
      "out": "RegBankDst",
      "from": "MEM/WB"
    },
    {
      "end": {
        "y": 275,
        "x": 260
      },
      "points": [
        {
          "y": 470,
          "x": 705
        },
        {
          "y": 470,
          "x": 250
        },
        {
          "y": 275,
          "x": 250
        }
      ],
      "in": "WriteReg",
      "to": "RegBank",
      "out": "Out1",
      "from": "ForkDst2"
    },
    {
      "in": "MEM/WB.Rd",
      "to": "ForwardingUnit",
      "out": "Out2",
      "from": "ForkDst2"
    },
    {
      "points": [
        {
          "y": 287,
          "x": 735
        },
        {
          "y": 480,
          "x": 735
        }
      ],
      "in": "In",
      "to": "ForkMemR1",
      "out": "Out",
      "from": "MuxMem"
    },
    {
      "end": {
        "y": 295,
        "x": 260
      },
      "points": [
        {
          "y": 480,
          "x": 240
        },
        {
          "y": 295,
          "x": 240
        }
      ],
      "in": "WriteData",
      "to": "RegBank",
      "out": "Out1",
      "from": "ForkMemR1"
    },
    {
      "in": "In",
      "to": "ForkMEMR2",
      "out": "Out2",
      "from": "ForkMemR1"
    },
    {
      "end": {
        "y": 253,
        "x": 425
      },
      "points": [
        {
          "y": 253,
          "x": 416
        }
      ],
      "in": "1",
      "to": "MuxFwdA",
      "out": "Out1",
      "from": "ForkMEMR2"
    },
    {
      "start": {
        "y": 125,
        "x": 695
      },
      "in": "In",
      "to": "ForkRegWR2",
      "out": "RegWrite",
      "from": "MEM/WB"
    },
    {
      "points": [
        {
          "y": 105,
          "x": 710
        },
        {
          "y": 105,
          "x": 300
        }
      ],
      "in": "RegWrite",
      "to": "RegBank",
      "out": "Out1",
      "from": "ForkRegWR2"
    },
    {
      "points": [
        {
          "y": 450,
          "x": 710
        }
      ],
      "in": "MEM/WB.RegWrite",
      "to": "ForwardingUnit",
      "out": "Out2",
      "from": "ForkRegWR2"
    },
    {
      "in": "in",
      "to": "ForkAndJump",
      "out": "jump",
      "from": "AndJump"
    },
    {
      "in": "jump",
      "to": "MuxJumpTarget",
      "out": "out1",
      "from": "ForkAndJump"
    },
    {
      "in": "jump",
      "to": "MuxJumpZero",
      "out": "out2",
      "from": "ForkAndJump"
    },
    {
      "in": "Branch",
      "to": "EX/MEM",
      "out": "out2",
      "from": "ForkBranch"
    },
    {
      "in": "branch",
      "to": "AndJump",
      "out": "out1",
      "from": "ForkBranch"
    },
    {
      "in": "aluop",
      "to": "AndJump",
      "out": "1-1",
      "from": "DistJumpAluOp"
    },
    {
      "in": "ALUOp",
      "to": "ALUControl",
      "out": "1-0",
      "from": "DistJumpAluOp"
    },
    {
      "in": "1",
      "to": "MuxJumpZero",
      "out": "out",
      "from": "Const1"
    }
  ],
  "components": {
    "ForkMemR1": {
      "out": [
        "Out1",
        "Out2"
      ],
      "in": "In",
      "size": 32,
      "y": 480,
      "x": 416,
      "type": "fork"
    },
    "ForkDst2": {
      "out": [
        "Out1",
        "Out2"
      ],
      "in": "In",
      "size": 5,
      "y": 440,
      "x": 705,
      "type": "fork"
    },
    "ForkRegWR2": {
      "out": [
        "Out1",
        "Out2"
      ],
      "in": "In",
      "size": 1,
      "y": 125,
      "x": 710,
      "type": "fork"
    },
    "MuxMem": {
      "desc": {
        "pt": "Selecciona o resultado da ALU ou o valor lido da memória para escrever no registo de destino (WriteData).",
        "default": "Selects the result of the ALU or the value read from memory to write to the destination register (WriteData)."
      },
      "type": "mux",
      "latency": 15,
      "x": 715,
      "y": 270,
      "size": 32,
      "sel": "MemToReg",
      "in": [
        "0",
        "1"
      ],
      "out": "Out"
    },
    "MEM/WB": {
      "desc": {
        "pt": "Registo que separa duas etapas do pipeline.\nOs valores que transitam para a próxima etapa são armazenados aqui temporariamente.",
        "default": "Register that separates two pipeline stages.\nThe values that transition to the next stage are stored here temporarily."
      },
      "regs": {
        "RegWrite": 1,
        "MemToReg": 1,
        "RegBankDst": 5,
        "ReadData": 32,
        "Result": 32
      },
      "y": 110,
      "x": 680,
      "type": "pipereg"
    },
    "OrFlush": {
      "out": "Flush",
      "in2": "Branch",
      "in1": "Stall",
      "y": 70,
      "x": 375,
      "type": "or"
    },
    "ForkBr3": {
      "out": [
        "Out1",
        "Out2"
      ],
      "in": "In",
      "size": 1,
      "y": 62,
      "x": 185,
      "type": "fork"
    },
    "ForkBr2": {
      "out": [
        "Out1",
        "Out2"
      ],
      "in": "In",
      "size": 1,
      "y": 62,
      "x": 397,
      "type": "fork"
    },
    "ForkBr1": {
      "out": [
        "Out1",
        "Out2"
      ],
      "in": "In",
      "size": 1,
      "y": 62,
      "x": 555,
      "type": "fork"
    },
    "ForkMemRd": {
      "out": [
        "Out1",
        "Out2"
      ],
      "in": "In",
      "size": 1,
      "y": 140,
      "x": 420,
      "type": "fork"
    },
    "ForkRegWR1": {
      "out": [
        "Out1",
        "Out2"
      ],
      "in": "In",
      "size": 1,
      "y": 125,
      "x": 670,
      "type": "fork"
    },
    "ForkDst1": {
      "out": [
        "Out1",
        "Out2"
      ],
      "in": "In",
      "size": 5,
      "y": 387,
      "x": 570,
      "type": "fork"
    },
    "AndBranch": {
      "desc": {
        "pt": "Determina se um branch será efectuado.",
        "default": "Determines if a branch should occur."
      },
      "out": "Branch",
      "in2": "Zero",
      "in1": "Branch",
      "y": 180,
      "x": 600,
      "type": "and"
    },
    "DataMem": {
      "mem_write": "MemWrite",
      "mem_read": "MemRead",
      "type": "dmem",
      "latency": 400,
      "x": 580,
      "y": 242,
      "size": 100,
      "address": "Address",
      "write_data": "WriteData",
      "out": "ReadData"
    },
    "ForkEXR1": {
      "out": [
        "Out1",
        "Out2"
      ],
      "in": "In",
      "size": 32,
      "y": 360,
      "x": 575,
      "type": "fork"
    },
    "ForkMem": {
      "out": [
        "Out1",
        "Out2"
      ],
      "in": "In",
      "size": 32,
      "y": 275,
      "x": 575,
      "type": "fork"
    },
    "EX/MEM": {
      "desc": {
        "pt": "Registo que separa duas etapas do pipeline.Os valores que transitam para a próxima etapa são armazenados aqui temporariamente. Se Flush estiver activo, todos os valores são colocados a zero, inserindo uma instrução NOP.",
        "default": "Register that separates two pipeline stages.The values that transition to the next stage are stored here temporarily.\nIf Flush is active, all values are set to zero, inserting a NOP instruction."
      },
      "regs": {
        "Jump": 1,
        "RegWrite": 1,
        "MemToReg": 1,
        "Result": 32,
        "ReadData2": 32,
        "Zero": 1,
        "RegBankDst": 5,
        "Target": 32,
        "Branch": 1,
        "MemRead": 1,
        "MemWrite": 1
      },
      "y": 110,
      "x": 550,
      "type": "pipereg"
    },
    "ForwardingUnit": {
      "fwd_b": "ForwardB",
      "fwd_a": "ForwardA",
      "id_ex_rt": "ID/EX.Rt",
      "id_ex_rs": "ID/EX.Rs",
      "type": "fwd_unit",
      "latency": 50,
      "x": 470,
      "y": 410,
      "ex_mem_reg_write": "EX/MEM.RegWrite",
      "mem_wb_reg_write": "MEM/WB.RegWrite",
      "ex_mem_rd": "EX/MEM.Rd",
      "mem_wb_rd": "MEM/WB.Rd"
    },
    "ForkRt2": {
      "out": [
        "Out1",
        "Out2",
        "Out3"
      ],
      "in": "In",
      "size": 5,
      "y": 381,
      "x": 408,
      "type": "fork"
    },
    "ForkImm": {
      "out": [
        "Out1",
        "Out2"
      ],
      "in": "In",
      "size": 32,
      "y": 292,
      "x": 450,
      "type": "fork"
    },
    "ForkAndJump": {
      "out": [
        "out1",
        "out2"
      ],
      "in": "in",
      "size": 1,
      "y": 80,
      "x": 490,
      "type": "fork"
    },
    "AndJump": {
      "out": "jump",
      "in2": "aluop",
      "in1": "branch",
      "y": 80,
      "x": 450,
      "type": "and"
    },
    "DistJumpAluOp": {
      "out": [
        {
          "lsb": 0,
          "msb": 1
        },
        {
          "lsb": 1,
          "msb": 1
        }
      ],
      "in": {
        "size": 2,
        "id": "aluop"
      },
      "y": 100,
      "x": 500,
      "type": "dist"
    },
    "ForkAluResult": {
      "out": [
        "out1",
        "out2"
      ],
      "in": "in",
      "size": 32,
      "y": 100,
      "x": 510,
      "type": "fork"
    },
    "ForkBranch": {
      "out": [
        "out1",
        "out2"
      ],
      "in": "in",
      "size": 1,
      "y": 100,
      "x": 530,
      "type": "fork"
    },
    "Const1": {
      "size": 1,
      "val": 1,
      "out": "out",
      "y": 340,
      "x": 500,
      "type": "const"
    },
    "MuxJumpZero": {
      "out": "Out",
      "in": [
        "0",
        "1"
      ],
      "sel": "jump",
      "size": 1,
      "y": 340,
      "x": 510,
      "latency": 15,
      "type": "mux"
    },
    "MuxJumpTarget": {
      "out": "out",
      "in": [
        "0",
        "1"
      ],
      "sel": "jump",
      "size": 32,
      "y": 100,
      "x": 510,
      "latency": 15,
      "type": "mux"
    },
    "AddBranch": {
      "desc": {
        "pt": "Soma o offset do branch ao PC+4 para obter o endereço de destino do branch, no caso de ser uma instrução de branch.",
        "default": "Adds the branch offset to the PC+4 to obtain the destination branch address, in case it is a branch instruction."
      },
      "out": "Out",
      "in2": "In2",
      "in1": "In1",
      "y": 164,
      "x": 510,
      "latency": 50,
      "type": "add"
    },
    "ForkStall": {
      "out": [
        "Out1",
        "Out2"
      ],
      "in": "In",
      "size": 1,
      "y": 5,
      "x": 265,
      "type": "fork"
    },
    "HazardUnit": {
      "stall": "Stall",
      "type": "hzd_unit",
      "latency": 50,
      "x": 230,
      "y": 10,
      "id_ex_mem_read": "ID/EX.MemRead",
      "id_ex_rt": "ID/EX.Rt",
      "if_id_rs": "IF/ID.Rs",
      "if_id_rt": "IF/ID.Rt"
    },
    "ForkRs": {
      "out": [
        "Out1",
        "Out2"
      ],
      "in": "In",
      "size": 5,
      "y": 235,
      "x": 230,
      "type": "fork"
    },
    "ExtendImm": {
      "desc": {
        "pt": "Estende o valor imediato da instrução de 16 para 32 bits, no caso de ser uma instrução do tipo I.",
        "default": "Extends the instruction's immediate value from 16 to 32 bits, in the case it is an I-type instruction."
      },
      "out": {
        "size": 32,
        "id": "Out"
      },
      "in": {
        "size": 16,
        "id": "In"
      },
      "y": 330,
      "x": 280,
      "type": "sext"
    },
    "Control": {
      "in": "Opcode",
      "y": 70,
      "x": 230,
      "latency": 50,
      "type": "control"
    },
    "RegBank": {
      "desc": {
        "pt": "Contém todos os registos do MIPS e fornece acesso de leitura/escrita aos mesmos. Os valores dos registos ReadReg1 e ReadReg2 são lidos para as saídas.WriteData é escrito para o registo WriteReg na transição do relógio se RegWrite estiver activo.Quando o mesmo registo é lido e escrito no mesmo ciclo de relógio, este banco de registos também encaminha o valor escrito para a saída.",
        "default": "Holds all the MIPS registers and provides read/write to them. The values of the ReadReg1 and ReadReg2 registers are read to the outputs. WriteData is written to the WriteReg register at the clock transition if RegWrite is enabled.When the same register is read from and written to in the same clock cycle, this register bank also forwards the written value to the output."
      },
      "const_regs": [
        {
          "val": 0,
          "reg": 0
        }
      ],
      "forwarding": true,
      "reg_write": "RegWrite",
      "write_data": "WriteData",
      "write_reg": "WriteReg",
      "read_data2": "ReadData2",
      "type": "regbank",
      "latency": 100,
      "x": 260,
      "y": 215,
      "num_regs": 32,
      "read_reg1": "ReadReg1",
      "read_reg2": "ReadReg2",
      "read_data1": "ReadData1"
    },
    "ForkRt": {
      "out": [
        "Out1",
        "Out2"
      ],
      "in": "In",
      "size": 5,
      "y": 265,
      "x": 220,
      "type": "fork"
    },
    "DistInst": {
      "out": [
        {
          "lsb": 26,
          "msb": 31
        },
        {
          "lsb": 21,
          "msb": 25
        },
        {
          "lsb": 16,
          "msb": 20
        },
        {
          "lsb": 11,
          "msb": 15
        },
        {
          "lsb": 0,
          "msb": 15
        }
      ],
      "in": {
        "size": 32,
        "id": "Instruction"
      },
      "y": 250,
      "x": 200,
      "type": "dist"
    },
    "PC": {
      "desc": {
        "pt": "Contém o endereço da instrução a ser executada.\nO endereço é actualizado (com o valor da entrada) na transição do relógio se Write estiver activo.",
        "default": "Contains the address of the instruction being executed.\nThe address is updated (with the value at the input) at the clock transition if Write is active."
      },
      "write": "Write",
      "out": "PC",
      "in": "NewPC",
      "y": 250,
      "x": 40,
      "type": "PC"
    },
    "ForkPC": {
      "out": [
        "Out1",
        "Out2"
      ],
      "in": "In",
      "size": 32,
      "y": 265,
      "x": 80,
      "type": "fork"
    },
    "PCAdder": {
      "desc": {
        "pt": "Calcula o endereço da instrução sequencial seguinte.",
        "default": "Calculates the address of the next sequential instruction."
      },
      "out": "PC+4",
      "in2": "In2",
      "in1": "In1",
      "y": 158,
      "x": 110,
      "latency": 50,
      "type": "add"
    },
    "Const4": {
      "size": 32,
      "val": 4,
      "out": "Out",
      "y": 173,
      "x": 85,
      "type": "const"
    },
    "ForkPCAdder": {
      "out": [
        "Out1",
        "Out2"
      ],
      "in": "In",
      "size": 32,
      "y": 175,
      "x": 155,
      "type": "fork"
    },
    "MuxPC": {
      "desc": {
        "pt": "Selecciona o PC+4 ou o endereço de branch como novo PC.",
        "default": "Selects PC+4 or the branch address as the new PC."
      },
      "type": "mux",
      "latency": 15,
      "x": 15,
      "y": 248,
      "size": 32,
      "sel": "PCSrc",
      "in": [
        "0",
        "1"
      ],
      "out": "Out"
    },
    "InstMem": {
      "out": "Instruction",
      "in": "Address",
      "y": 215,
      "x": 90,
      "latency": 300,
      "type": "imem"
    },
    "IF/ID": {
      "regs": {
        "Instruction": 32,
        "NewPC": 32
      },
      "flush": "Flush",
      "write": "Write",
      "y": 110,
      "x": 180,
      "type": "pipereg"
    },
    "ForkRs2": {
      "out": [
        "Out1",
        "Out2"
      ],
      "in": "In",
      "size": 5,
      "y": 235,
      "x": 215,
      "type": "fork"
    },
    "ForkRt3": {
      "out": [
        "Out1",
        "Out2"
      ],
      "in": "In",
      "size": 5,
      "y": 255,
      "x": 220,
      "type": "fork"
    },
    "NotStall": {
      "out": "Write",
      "in": "Stall",
      "y": 2,
      "x": 175,
      "type": "not"
    },
    "ForkWrite": {
      "out": [
        "Out1",
        "Out2"
      ],
      "in": "In",
      "size": 1,
      "y": 50,
      "x": 190,
      "type": "fork"
    },
    "ID/EX": {
      "desc": {
        "pt": "Registo que separa duas etapas do pipeline.\nOs valores que transitam para a próxima etapa são armazenados aqui temporariamente.\nSe Flush estiver activo, todos os valores são colocados a zero, inserindo uma instrução NOP.",
        "default": "Register that separates two pipeline stages.\nThe values that transition to the next stage are stored here temporarily.\nIf Flush is active, all values are set to zero, inserting a NOP instruction."
      },
      "regs": {
        "RegWrite": 1,
        "MemToReg": 1,
        "MemWrite": 1,
        "MemRead": 1,
        "Branch": 1,
        "ALUSrc": 1,
        "ALUOp": 2,
        "ReadData1": 32,
        "ReadData2": 32,
        "NewPC": 32,
        "Imm": 32,
        "Rs": 5,
        "Rt": 5,
        "Rd": 5,
        "RegDst": 1
      },
      "y": 110,
      "x": 390,
      "type": "pipereg"
    },
    "ForkReg": {
      "out": [
        "Out1",
        "Out2"
      ],
      "in": "In",
      "size": 32,
      "y": 281,
      "x": 445,
      "type": "fork"
    },
    "MuxFwdA": {
      "desc": {
        "pt": "Selecciona, em conjunto com a unidade de atalhos, se o valor do 1º registo vem do banco de registos ou se é encaminhado de uma das etapas seguintes.",
        "default": "Selects, in conjunction with the forwarding unit, if the value of the 1st register comes from the register bank or if it's forwarded from one of the next stages."
      },
      "type": "mux",
      "latency": 15,
      "x": 425,
      "y": 230,
      "size": 32,
      "sel": "ForwardA",
      "out": "Out",
      "in": [
        "0",
        "1",
        "2"
      ]
    },
    "MuxFwdB": {
      "desc": {
        "pt": "Selecciona, em conjunto com a unidade de atalhos, se o valor do 2º registo vem do banco de registos ou se é encaminhado de uma das etapas seguintes.",
        "default": "Selects, in conjunction with the forwarding unit, if the value of the 2nd register comes from the register bank or if it's forwarded from one of the next stages."
      },
      "type": "mux",
      "latency": 15,
      "x": 425,
      "y": 275,
      "size": 32,
      "sel": "ForwardB",
      "out": "Out",
      "in": [
        "0",
        "1",
        "2"
      ]
    },
    "ForkEXR2": {
      "out": [
        "Out1",
        "Out2"
      ],
      "in": "In",
      "size": 32,
      "y": 299,
      "x": 421,
      "type": "fork"
    },
    "ForkMEMR2": {
      "out": [
        "Out1",
        "Out2"
      ],
      "in": "In",
      "size": 32,
      "y": 291,
      "x": 416,
      "type": "fork"
    },
    "MuxReg": {
      "desc": {
        "pt": "Selecciona o valor do 2º registo lido ou o valor imediato da instrução como segundo operando da ALU.",
        "default": "Selects the value of the 2nd read register or the instruction's immediate value as the ALU's second operand."
      },
      "type": "mux",
      "latency": 15,
      "x": 455,
      "y": 270,
      "size": 32,
      "sel": "ALUSrc",
      "out": "Out",
      "in": [
        "0",
        "1"
      ]
    },
    "DistImm": {
      "out": [
        {
          "lsb": 0,
          "msb": 31
        },
        {
          "lsb": 0,
          "msb": 5
        }
      ],
      "in": {
        "size": 32,
        "id": "In"
      },
      "y": 330,
      "x": 448,
      "type": "dist"
    },
    "ALUControl": {
      "func": "func",
      "aluop": "ALUOp",
      "y": 330,
      "x": 456,
      "latency": 50,
      "type": "alu_control"
    },
    "ALU": {
      "zero": "Zero",
      "type": "alu",
      "latency": 100,
      "x": 480,
      "y": 237,
      "in1": "In1",
      "in2": "In2",
      "control": "Operation",
      "out": "Result"
    },
    "MuxDst": {
      "desc": {
        "pt": "Selecciona o campo rt ou rd da instrução como registo de destino (WriteReg).",
        "default": "Selects the instruction's rt or rd field as the destination register (WriteReg)."
      },
      "type": "mux",
      "latency": 15,
      "x": 526,
      "y": 370,
      "size": 5,
      "sel": "RegDst",
      "in": [
        "0",
        "1"
      ],
      "out": "Out"
    },
    "ShiftImm": {
      "desc": {
        "pt": "Os 2 bits menos significativos dos endereços das instruções são sempre 00 (os endereços são múltiplos de 4). Como tal, estes bits não são incluídos no valor imediato da instrução (offset). Este componente restaura esses bits deslocando o valor 2 bits para a esquerda (ou multiplicando por 4), no caso de ser uma instrução de branch.",
        "default": "The 2 less significant bits of the addresses of the instructions are always 00 (the addresses are multiples of 4). As such, these bits are not included in the instruction's immediate value (offset). This component restores those bits by shifting the value 2 bits to the left (or multiplying by 4), in case it is a branch instruction."
      },
      "amount": 2,
      "out": {
        "size": 32,
        "id": "Out"
      },
      "in": {
        "size": 32,
        "id": "In"
      },
      "y": 190,
      "x": 465,
      "type": "sll"
    }
  }
}
